1,Charles,790-3853 Nisl Street,927787471,male
2,Orli,113-374 Turpis Ave,957184732,male
3,Sydnee,"Ap #880-303femaleNon, Avenue",746692834,female
4,Samuel,Ap #625-8658 Ligula Street,963063344,male
5,Lev,Ap #576-4763 Ipsum. St.,728296132,female
6,Emily,5809 A Rd.,95773135,male
7,William,"P.O. Box 201, 6167 Arcu. Road",693791698,male
8,Addison,Ap #730-204femaleSed Av.,907636988,male
9,Fredericka,9917 Mauris Av.,738775284,female
10,Jacqueline,8202 Phasellus Av.,853451652,female
11,Patricia,Ap #441-9805 Suspendisse Rd.,420763062,female
12,Karina,"596-4549 Dolor, Avenue",51606362,female
13,Jasmine,"P.O. Box 758, 2395 Vitae Street",125957460,male
14,Lyle,Ap #503-668femaleSagittis Rd.,563643579,male
15,Ifeoma,"P.O. Box 243, 9192 Arcu Ave",268804620,male
16,Ulysses,Ap #636-6949 Ligula. St.,842630588,male
17,Hedley,515-350femaleQuisque Av.,523531019,male
18,Zenia,"P.O. Box 110, 6985 Sit Road",562136459,female
19,Bert,5666 Sagittis St.,816977229,male
20,Bradley,204-9073 Quisque Avenue,610624036,male
21,Remedios,9652 Pede. St.,758673688,female
22,James,157 Mollis. Av.,830597371,male
23,Ursula,2600 Cursus. Road,660465561,male
24,Indira,"P.O. Box 257, 8997 Donec Av.",288091019,female
25,Penelope,"P.O. Box 752, 962 Dapibus Avenue",685359748,female
26,Audrey,"715 Nec, Road",438584945,female
27,Ciara,"P.O. Box 100, 7044 Vestibulum St.",914202567,male
28,Jillian,443-6403 Quam Street,958456641,female
29,Dieter,"P.O. Box 519, 406 Duis St.",146640517,male
30,Adele,"P.O. Box 515, 8585 Et Road",740591061,male
31,Camden,809-8892 Mauris. St.,735421282,male
32,Brent,843 Erat Ave,477584074,male
33,Ariel,343-2178 Sociosqu Rd.,819762347,male
34,Alexis,"9235 Non, Ave",461177795,female
35,Taylor,737-482femalePhasellus St.,631116073,female
36,Alec,"940-7979 Dolor, Rd.",561675755,female
37,Sigourney,646-115 Interdum Rd.,345466063,female
38,Yuri,"P.O. Box 440, 6556 Mauris Av.",718235631,female
39,Helen,"P.O. Box 438, 4276 Vulputate Avenue",700811994,female
40,Porter,"252-329femaleId, Ave",605061657,male
41,Louis,653-7938 Imperdiet Ave,311883523,male
42,Felicia,707-163 Etiam Ave,481326883,female
43,Sarah,7076 Lacinia Road,223335138,male
44,Martina,1283 Tristique Rd.,313380097,female
45,Lacey,"3443 Risus, Av.",203115894,male
46,Ria,"P.O. Box 248, 970 Vulputate, St.",547808914,male
47,Grant,Ap #192-2652 Tellus. Av.,132521329,male
48,Sophia,Ap #126-3596 Duis Rd.,407121840,male
49,Wallace,745-9408 Pede Rd.,836958148,male
50,Gemma,"P.O. Box 904, 1402 Proin Street",680690083,male
51,Joelle,"P.O. Box 643, 556femaleSem Avenue",888131661,female
52,Iola,1368 Et Rd.,85333038,female
53,Ursula,1863 Magna. Ave,508640640,male
54,Maggy,"P.O. Box 691, 2736 Non, St.",20591890,female
55,Ila,Ap #916-365femaleProin Rd.,933631934,male
56,Kasimir,3475 Velit St.,952418712,female
57,Jenette,617-2665 Velit. Street,833916382,female
58,Celeste,"P.O. Box 684, 9906 Donec Street",51664646,female
59,Buffy,Ap #180-6324 Parturient Ave,405417271,female
60,Igor,Ap #209-5667 Risus Ave,773383631,male
61,Ocean,"P.O. Box 438, 674 Diam. St.",882950577,female
62,Kellie,"232-532femaleTempus, Ave",898369597,male
63,Justina,"P.O. Box 109, 5306 Erat Road",32154253,female
64,Hyacinth,4518 Ipsum Street,175134854,male
65,Yvonne,1530 Ante Street,562582115,male
66,Joshua,601-849 Proin Road,269808029,male
67,Rinah,139 Nam Street,113272516,female
68,Solomon,251-5920 Cras Street,275640243,male
69,Pamela,"3237 Leo, St.",596732345,male
70,Sharon,"P.O. Box 755, 6076 Auctor Av.",724400581,male
71,Leroy,"P.O. Box 382, 2385 Eu Avenue",229258933,female
72,Isaac,"215-477 Eu, St.",957082157,male
73,Meredith,914-9973 Mauris. St.,69283449,female
74,Solomon,"Ap #867-9765 Lorem, Avenue",544877087,female
75,MacKenzie,"591-9273 Nec, Avenue",693164689,male
76,Lionel,"P.O. Box 421, 6172 Fringilla Street",65111494,female
77,Allen,"P.O. Box 384, 3753 Donec Road",423378489,female
78,Francesca,355 Metus Street,437673223,female
79,Shad,"9133 Mi, Avenue",862765774,female
80,Britanni,Ap #926-952femaleRutrum. Road,66095297,male
81,Quail,7548 Feugiat. Street,640169713,male
82,Peter,"129femalePharetra, Avenue",6211584,female
83,Breanna,"P.O. Box 570, 3095 Sed Rd.",303521038,male
84,Prescott,6123 Vestibulum Ave,479304078,male
85,Mohammad,"3749 Lorem, Street",860014545,male
86,Keely,"303-8422 Eget, Road",762225101,female
87,Jason,Ap #155-128femaleCurabitur Ave,793035843,female
88,Carson,"P.O. Box 231, 9730 Accumsan St.",547895674,female
89,Tallulah,Ap #700-6015 Vulputate St.,240723701,male
90,Quyn,"Ap #309-1272 Ornare, Rd.",397554557,female
91,Ariana,Ap #303-8585 Sed Rd.,931534780,female
92,Morgan,5935 Fringilla Ave,566922156,male
93,Samuel,388-922femaleViverra. St.,226614591,female
94,Geraldine,206-1525 Adipiscing Rd.,648321218,male
95,Joelle,"P.O. Box 194, 913femaleCum Av.",487755635,male
96,Stone,428-775 Aliquet Street,539089374,female
97,Alana,9496 Aenean Rd.,421044424,female
98,Brynn,439-7337 Ipsum Road,477695792,male
99,Austin,"P.O. Box 261, 766 Sit Ave",662018439,male
100,Illana,"6498 Non, St.",340297724,female
